match_id,home_en,away_en,kickoff_hkt,league,lineup_status,lineup_rows,home_starters,away_starters,confirmed_rows,canonical_source,matched_source_count,matched_sources,latest_detail_fetched_at,any_source_lineup_available
"FS:hn7kkwRG","Suwon FC","Hwaseong","2026-10-09 05:00:00+00","K League 2SOUTH KOREA: Standings","MISSING","0","0","0","0","","2","FLASHSCORE,FOTMOB","2026-10-09 02:52:03.701+00","false"
"FS:l2OiWEbt","Daejeon","Jeonbuk","2026-10-09 05:00:00+00","K League 1SOUTH KOREA: Standings","MISSING","0","0","0","0","","2","FLASHSCORE,FOTMOB","2026-10-09 02:52:03.682+00","false"
"FS:0CAcmHeT","Cheongju FC","Seongnam","2026-10-09 07:30:00+00","K League 2SOUTH KOREA: Standings","MISSING","0","0","0","0","","2","FLASHSCORE,FOTMOB","2026-10-09 02:52:04.105+00","false"
"FS:KdiUseJj","Gimpo FC","Seoul E-Land","2026-10-09 07:30:00+00","K League 2SOUTH KOREA: Standings","MISSING","0","0","0","0","","2","FLASHSCORE,FOTMOB","2026-10-09 02:52:04.709+00","false"
"FS:MFMaUhTh","Gangwon","Bucheon","2026-10-09 07:30:00+00","K League 1SOUTH KOREA: Standings","MISSING","0","0","0","0","","2","FLASHSCORE,FOTMOB","2026-10-09 02:52:03.94+00","false"
"FS:tIx1SWc5","Incheon","Pohang","2026-10-09 07:30:00+00","K League 1SOUTH KOREA: Standings","MISSING","0","0","0","0","","2","FLASHSCORE,FOTMOB","2026-10-09 02:52:04.263+00","false"
"FS:4vgUL1ff","Kashiwa","Kobe","2026-10-09 10:00:00+00","J1 LeagueJAPAN: Standings","MISSING","0","0","0","0","","2","FLASHSCORE,FOTMOB","2026-10-09 02:52:04.753+00","false"
"FS:r5YOh3Q7","Kashima","G-Osaka","2026-10-09 10:00:00+00","J1 LeagueJAPAN: Standings","MISSING","0","0","0","0","","2","FLASHSCORE,FOTMOB","2026-10-09 02:52:04.757+00","false"
"FS:4vc7KXkJ","Qingdao Hainiu","Beijing Guoan","2026-10-09 11:35:00+00","Super LeagueCHINA: Standings","MISSING","0","0","0","0","","2","FLASHSCORE,FOTMOB","2026-10-09 02:52:04.959+00","false"
"FS:nL1DVcbK","Shenzhen Xinpengcheng","Henan Songshan Longmen","2026-10-09 11:35:00+00","Super LeagueCHINA: Standings","MISSING","0","0","0","0","","1","FLASHSCORE","","false"
"FS:I3hqQyMs","Zhejiang Professional","Shanghai Port","2026-10-09 12:00:00+00","Super LeagueCHINA: Standings","MISSING","0","0","0","0","","2","FLASHSCORE,FOTMOB","2026-10-09 02:52:05.224+00","false"
"FS:U5MTgNEi","Al Kholood","Al Qadsiah","2026-10-09 13:50:00+00","Saudi Professional LeagueSAUDI ARABIA: Standings","MISSING","0","0","0","0","","2","FLASHSCORE,FOTMOB","2026-10-09 02:52:05.548+00","false"
"FS:Mc4IR9Rq","Bodrumspor","Keciorengucu","2026-10-09 14:00:00+00","1. LigTURKEY: Standings","MISSING","0","0","0","0","","2","FLASHSCORE,FOTMOB","2026-10-09 02:52:05.318+00","false"
"FS:QRInXV3M","Sivasspor","Pendikspor","2026-10-09 14:00:00+00","1. LigTURKEY: Standings","MISSING","0","0","0","0","","2","FLASHSCORE,FOTMOB","2026-10-09 02:52:05.927+00","false"
"FS:vJ4960bc","Al Fateh","Al Ahli","2026-10-09 14:55:00+00","Saudi Professional LeagueSAUDI ARABIA: Standings","MISSING","0","0","0","0","","2","FLASHSCORE,FOTMOB","2026-10-09 02:52:05.764+00","false"
"FS:GGNKK7ZI","Corvinul","FC Voluntari","2026-10-09 15:00:00+00","SuperligaROMANIA: Standings","MISSING","0","0","0","0","","1","FLASHSCORE","","false"
"FS:hfOOg8n4","SJK","Lahti","2026-10-09 15:00:00+00","Veikkausliiga - Relegation GroupFINLAND: Standings","MISSING","0","0","0","0","","1","FLASHSCORE","","false"
"FS:OONc9IrA","Slavia Prague B","Vlasim","2026-10-09 15:00:00+00","ChNLCZECH REPUBLIC: Standings","MISSING","0","0","0","0","","2","FLASHSCORE,FOTMOB","2026-10-09 02:52:06.252+00","false"
"FS:jJmjOFVI","Finland W","Serbia W","2026-10-09 15:30:00+00","World Cup Women - Qualification - Promotion - Play OffsEUROPE: Draw","MISSING","0","0","0","0","","2","FLASHSCORE,FOTMOB","","false"
"FS:8Q4Pc4nd","Kosovo W","Austria W","2026-10-09 16:00:00+00","World Cup Women - Qualification - Promotion - Play OffsEUROPE: Draw","MISSING","0","0","0","0","","2","FLASHSCORE,FOTMOB","","false"
"FS:Awkp8nWi","Zlin","Slavia Prague","2026-10-09 16:00:00+00","Chance LigaCZECH REPUBLIC: Standings","MISSING","0","0","0","0","","1","FLASHSCORE","","false"
"FS:fZSNxFpC","Albania W","Wales W","2026-10-09 16:00:00+00","World Cup Women - Qualification - Promotion - Play OffsEUROPE: Draw","MISSING","0","0","0","0","","2","FLASHSCORE,FOTMOB","","false"
"FS:GbKkBvEc","Usti n. L.","Opava","2026-10-09 16:00:00+00","ChNLCZECH REPUBLIC: Standings","MISSING","0","0","0","0","","1","FLASHSCORE","","false"
"FS:jFP2CmE5","Wieczysta Krakow","Wisla Plock","2026-10-09 16:00:00+00","EkstraklasaPOLAND: Standings","MISSING","0","0","0","0","","1","FLASHSCORE","","false"
"FS:joSzScWg","Turkey W","Slovenia W","2026-10-09 16:00:00+00","World Cup Women - Qualification - Promotion - Play OffsEUROPE: Draw","MISSING","0","0","0","0","","1","FLASHSCORE","","false"
"FS:KQgeW0tJ","Vejle","Hvidovre IF","2026-10-09 16:00:00+00","1st DivisionDENMARK: Standings","MISSING","0","0","0","0","","1","FLASHSCORE","","false"
"FS:lhS3myMj","Jihlava","Prostejov","2026-10-09 16:00:00+00","ChNLCZECH REPUBLIC: Standings","MISSING","0","0","0","0","","1","FLASHSCORE","","false"
"FS:lM5YCVW9","Gorica","Rudes","2026-10-09 16:00:00+00","HNLCROATIA: Standings","MISSING","0","0","0","0","","1","FLASHSCORE","","false"
"FS:MJoaDIW8","Taborsko","Karvina","2026-10-09 16:00:00+00","ChNLCZECH REPUBLIC: Standings","MISSING","0","0","0","0","","1","FLASHSCORE","","false"
"FS:UVcPKtPQ","Slovakia W","Ukraine W","2026-10-09 16:00:00+00","World Cup Women - Qualification - Promotion - Play OffsEUROPE: Draw","MISSING","0","0","0","0","","2","FLASHSCORE,FOTMOB","","false"
"FS:nyjJJo9F","Lithuania W","Sweden W","2026-10-09 16:05:00+00","World Cup Women - Qualification - Promotion - Play OffsEUROPE: Draw","MISSING","0","0","0","0","","2","FLASHSCORE,FOTMOB","","false"
"FS:OzziYpO8","Belarus W","Italy W","2026-10-09 16:15:00+00","World Cup Women - Qualification - Promotion - Play OffsEUROPE: Draw","MISSING","0","0","0","0","","2","FLASHSCORE,FOTMOB","","false"
"FS:2w3y9elI","Heidenheim","Kaiserslautern","2026-10-09 16:30:00+00","2. BundesligaGERMANY: Standings","MISSING","0","0","0","0","","1","FLASHSCORE","","false"
"FS:rZymGCeo","Braunschweig","Kiel","2026-10-09 16:30:00+00","2. BundesligaGERMANY: Standings","MISSING","0","0","0","0","","1","FLASHSCORE","","false"
"FS:viUG6vET","Greece W","England W","2026-10-09 16:30:00+00","World Cup Women - Qualification - Promotion - Play OffsEUROPE: Draw","MISSING","0","0","0","0","","2","FLASHSCORE,FOTMOB","","false"
"FS:2m0WDGxf","Croatia W","Iceland W","2026-10-09 16:45:00+00","World Cup Women - Qualification - Promotion - Play OffsEUROPE: Draw","MISSING","0","0","0","0","","2","FLASHSCORE,FOTMOB","","false"
"FS:8pZWWRvn","Penafiel","AFS","2026-10-09 17:00:00+00","Liga Portugal 2PORTUGAL: Standings","MISSING","0","0","0","0","","1","FLASHSCORE","","false"
"FS:byNUTxVi","Nordsjaelland","Odense","2026-10-09 17:00:00+00","SuperligaDENMARK: Standings","MISSING","0","0","0","0","","1","FLASHSCORE","","false"
"FS:C0AUXDHN","AB Kopenhagen","Aarhus Fremad","2026-10-09 17:00:00+00","1st DivisionDENMARK: Standings","MISSING","0","0","0","0","","0","","","false"
"FS:EeR7tcom","Czech Republic W","Scotland W","2026-10-09 17:00:00+00","World Cup Women - Qualification - Promotion - Play OffsEUROPE: Draw","MISSING","0","0","0","0","","1","FLASHSCORE","","false"
"FS:I1FvZiZ9","Vanspor FK","Bandirmaspor","2026-10-09 17:00:00+00","1. LigTURKEY: Standings","MISSING","0","0","0","0","","1","FLASHSCORE","","false"
"FS:IB9bLt4C","Goteborg","Västerås SK","2026-10-09 17:00:00+00","AllsvenskanSWEDEN: Standings","MISSING","0","0","0","0","","1","FLASHSCORE","","false"
"FS:IsPpDACj","Umraniyespor","Sariyer","2026-10-09 17:00:00+00","1. LigTURKEY: Standings","MISSING","0","0","0","0","","1","FLASHSCORE","","false"
"FS:QLfplRHE","Brann","Viking","2026-10-09 17:00:00+00","EliteserienNORWAY: Standings","MISSING","0","0","0","0","","2","FLASHSCORE,FOTMOB","","false"
"FS:tjBtvAIb","Munster","RW Essen","2026-10-09 17:00:00+00","3. LigaGERMANY: Standings","MISSING","0","0","0","0","","1","FLASHSCORE","","false"
"FS:UHAo5nfM","Romania W","Norway W","2026-10-09 17:00:00+00","World Cup Women - Qualification - Promotion - Play OffsEUROPE: Draw","MISSING","0","0","0","0","","2","FLASHSCORE,FOTMOB","","false"
"FS:YiWPvQZg","Galatasaray","Kasimpasa","2026-10-09 17:00:00+00","Super LigTURKEY: Standings","MISSING","0","0","0","0","","1","FLASHSCORE","","false"
"FS:YDGs8wcM","Aldosivi","Sarmiento Junin","2026-10-09 17:30:00+00","Liga Profesional - ClausuraARGENTINA: Standings","MISSING","0","0","0","0","","1","FLASHSCORE","","false"
"FS:z3PvErW6","Moreirense","Gil Vicente","2026-10-09 17:45:00+00","Liga PortugalPORTUGAL: Standings","MISSING","0","0","0","0","","2","FLASHSCORE,FOTMOB","","false"
"FS:0p1XkgIt","Montpellier","Grenoble","2026-10-09 18:00:00+00","Ligue 2FRANCE: Standings","MISSING","0","0","0","0","","2","FLASHSCORE,FOTMOB","","false"
"FS:0zdoRJSN","Roda","Jong PSV","2026-10-09 18:00:00+00","Eerste DivisieNETHERLANDS: Standings","MISSING","0","0","0","0","","1","FLASHSCORE","","false"
"FS:2J28PGEG","Ipswich U21","West Brom U21","2026-10-09 18:00:00+00","Premier League CupENGLAND: Standings","MISSING","0","0","0","0","","1","FLASHSCORE","","false"
"FS:2Z2d9Ds2","Cardiff U21","Leicester U21","2026-10-09 18:00:00+00","Premier League CupENGLAND: Standings","MISSING","0","0","0","0","","1","FLASHSCORE","","false"
"FS:4Cb6EtqI","De Graafschap","Jong Utrecht","2026-10-09 18:00:00+00","Eerste DivisieNETHERLANDS: Standings","MISSING","0","0","0","0","","1","FLASHSCORE","","false"
"FS:4ninIY6j","Peterborough U21","Nottm Forest U21","2026-10-09 18:00:00+00","Premier League CupENGLAND: Standings","MISSING","0","0","0","0","","0","","","false"
"FS:8G5GNfqT","Brighton U21","Sheff Utd U21","2026-10-09 18:00:00+00","Premier League CupENGLAND: Standings","MISSING","0","0","0","0","","1","FLASHSCORE","","false"
"FS:8vh3DbH0","Northern Ireland W","Portugal W","2026-10-09 18:00:00+00","World Cup Women - Qualification - Promotion - Play OffsEUROPE: Draw","MISSING","0","0","0","0","","2","FLASHSCORE,FOTMOB","","false"
"FS:ABvXMeTa","PSV","Heerenveen","2026-10-09 18:00:00+00","EredivisieNETHERLANDS: Standings","MISSING","0","0","0","0","","1","FLASHSCORE","","false"
"FS:ALLNVkXO","Dunkerque","Annecy","2026-10-09 18:00:00+00","Ligue 2FRANCE: Standings","MISSING","0","0","0","0","","1","FLASHSCORE","","false"
"FS:AVdjIOqg","Almere City","Eindhoven","2026-10-09 18:00:00+00","Eerste DivisieNETHERLANDS: Standings","MISSING","0","0","0","0","","1","FLASHSCORE","","false"
"FS:d4IykdAr","Libertad","Leones del Norte","2026-10-09 18:00:00+00","Liga Pro - Placement GroupECUADOR: Standings","MISSING","0","0","0","0","","2","FLASHSCORE,FOTMOB","","false"
"FS:dnebG2E5","Dordrecht","Emmen","2026-10-09 18:00:00+00","Eerste DivisieNETHERLANDS: Standings","MISSING","0","0","0","0","","1","FLASHSCORE","","false"
"FS:fga0Rxp4","Southampton U21","QPR U21","2026-10-09 18:00:00+00","Premier League CupENGLAND: Standings","MISSING","0","0","0","0","","1","FLASHSCORE","","false"
"FS:fZ865eNp","Millwall U21","West Ham U21","2026-10-09 18:00:00+00","Premier League CupENGLAND: Standings","MISSING","0","0","0","0","","1","FLASHSCORE","","false"
"FS:hAhwTubB","NAC","Maastricht","2026-10-09 18:00:00+00","Eerste DivisieNETHERLANDS: Standings","MISSING","0","0","0","0","","2","FLASHSCORE,FOTMOB","","false"
"FS:I9RilJrT","Al Nassr","Al Diriyah","2026-10-09 18:00:00+00","Saudi Professional LeagueSAUDI ARABIA: Standings","MISSING","0","0","0","0","","1","FLASHSCORE","","false"
"FS:jHvD2W1n","Sochaux","Boulogne","2026-10-09 18:00:00+00","Ligue 2FRANCE: Standings","MISSING","0","0","0","0","","2","FLASHSCORE,FOTMOB","","false"
"FS:jLYRPP8a","Reading U21","Norwich U21","2026-10-09 18:00:00+00","Premier League CupENGLAND: Standings","MISSING","0","0","0","0","","1","FLASHSCORE","","false"
"FS:jXvcC31k","Hungary W","Netherlands W","2026-10-09 18:00:00+00","World Cup Women - Qualification - Promotion - Play OffsEUROPE: Draw","MISSING","0","0","0","0","","2","FLASHSCORE,FOTMOB","","false"
"FS:KdfVU1Tb","Jong AZ","Den Bosch","2026-10-09 18:00:00+00","Eerste DivisieNETHERLANDS: Standings","MISSING","0","0","0","0","","1","FLASHSCORE","","false"
"FS:Mu1hTbFi","Wolves U21","Fleetwood U21","2026-10-09 18:00:00+00","Premier League CupENGLAND: Standings","MISSING","0","0","0","0","","1","FLASHSCORE","","false"
"FS:OCZ2q1rh","Volendam","Vitesse","2026-10-09 18:00:00+00","Eerste DivisieNETHERLANDS: Standings","MISSING","0","0","0","0","","1","FLASHSCORE","","false"
"FS:OYWZN3wC","Birmingham U21","Huddersfield U21","2026-10-09 18:00:00+00","Premier League CupENGLAND: Standings","MISSING","0","0","0","0","","1","FLASHSCORE","","false"
"FS:p8w8wpxp","Dender","Club Brugge U23","2026-10-09 18:00:00+00","Challenger Pro LeagueBELGIUM: Standings","MISSING","0","0","0","0","","1","FLASHSCORE","","false"
"FS:reVJRovm","Stoke U21","Charlton U21","2026-10-09 18:00:00+00","Premier League CupENGLAND: Standings","MISSING","0","0","0","0","","1","FLASHSCORE","","false"
"FS:rNF6rBRP","Sepsi Sf. Gheorghe","Dinamo Bucuresti","2026-10-09 18:00:00+00","SuperligaROMANIA: Standings","MISSING","0","0","0","0","","1","FLASHSCORE","","false"
"FS:ro0t890t","Leeds U21","Stockport U21","2026-10-09 18:00:00+00","Premier League CupENGLAND: Standings","MISSING","0","0","0","0","","1","FLASHSCORE","","false"
"FS:SlxOWNbn","Jong Ajax","Venlo","2026-10-09 18:00:00+00","Eerste DivisieNETHERLANDS: Standings","MISSING","0","0","0","0","","1","FLASHSCORE","","false"
"FS:Sv1epknI","Pau FC","Laval","2026-10-09 18:00:00+00","Ligue 2FRANCE: Standings","MISSING","0","0","0","0","","1","FLASHSCORE","","false"
"FS:tClUpSqA","Anderlecht U23","Eupen","2026-10-09 18:00:00+00","Challenger Pro LeagueBELGIUM: Standings","MISSING","0","0","0","0","","1","FLASHSCORE","","false"
"FS:vJntvGT9","Newcastle U21","Luton U21","2026-10-09 18:00:00+00","Premier League CupENGLAND: Standings","MISSING","0","0","0","0","","1","FLASHSCORE","","false"
"FS:WhqYuxac","Burnley U21","Preston U21","2026-10-09 18:00:00+00","Premier League CupENGLAND: Standings","MISSING","0","0","0","0","","1","FLASHSCORE","","false"
"FS:WInHLcjo","Oss","Helmond","2026-10-09 18:00:00+00","Eerste DivisieNETHERLANDS: Standings","MISSING","0","0","0","0","","1","FLASHSCORE","","false"
"FS:xQdECKDU","Heracles","Waalwijk","2026-10-09 18:00:00+00","Eerste DivisieNETHERLANDS: Standings","MISSING","0","0","0","0","","1","FLASHSCORE","","false"
"FS:YcaulXng","Nancy","Guingamp","2026-10-09 18:00:00+00","Ligue 2FRANCE: Standings","MISSING","0","0","0","0","","2","FLASHSCORE,FOTMOB","","false"
"FS:nkwcZuvK","Belgium W","Poland W","2026-10-09 18:15:00+00","World Cup Women - Qualification - Promotion - Play OffsEUROPE: Draw","MISSING","0","0","0","0","","2","FLASHSCORE,FOTMOB","","false"
"FS:bNaeUVN8","Podbeskidzie","Pogon Siedlce","2026-10-09 18:30:00+00","Division 1POLAND: Standings","MISSING","0","0","0","0","","1","FLASHSCORE","","false"
"FS:OK9iaotm","Avellino","Sampdoria","2026-10-09 18:30:00+00","Serie BITALY: Standings","MISSING","0","0","0","0","","2","FLASHSCORE,FOTMOB","","false"
"FS:plkwWY3D","Dortmund","Bremen","2026-10-09 18:30:00+00","BundesligaGERMANY: Standings","MISSING","0","0","0","0","","1","FLASHSCORE","","false"
"FS:tn3rPQcB","Rakow","Katowice","2026-10-09 18:30:00+00","EkstraklasaPOLAND: Standings","MISSING","0","0","0","0","","1","FLASHSCORE","","false"
"FS:8I6rzn7F","Sutton","Boreham Wood","2026-10-09 18:45:00+00","National LeagueENGLAND: Standings","MISSING","0","0","0","0","","1","FLASHSCORE","","false"
"FS:AFzBnGHL","Beveren","Lommel SK","2026-10-09 18:45:00+00","Jupiler Pro LeagueBELGIUM: Standings","MISSING","0","0","0","0","","1","FLASHSCORE","","false"
"FS:lGH4fIIc","Shelbourne","Sligo Rovers","2026-10-09 18:45:00+00","Premier DivisionIRELAND: Standings","MISSING","0","0","0","0","","2","FLASHSCORE,FOTMOB","","false"
"FS:MFDuQNS6","Lens","Lyon","2026-10-09 18:45:00+00","Ligue 1FRANCE: Standings","MISSING","0","0","0","0","","2","FLASHSCORE,FOTMOB","","false"
"FS:8bQaZET8","SA Bulo Bulo","Tomayapo","2026-10-09 19:00:00+00","Division ProfesionalBOLIVIA: Standings","MISSING","0","0","0","0","","1","FLASHSCORE","","false"
"FS:d0OOV3Pp","West Ham","QPR","2026-10-09 19:00:00+00","ChampionshipENGLAND: Standings","MISSING","0","0","0","0","","1","FLASHSCORE","","false"
"FS:dUikzzNa","Malaga","Espanyol","2026-10-09 19:00:00+00","LaLigaSPAIN: Standings","MISSING","0","0","0","0","","1","FLASHSCORE","","false"
"FS:Iqp7aqHD","Braga","Sporting","2026-10-09 19:15:00+00","Liga PortugalPORTUGAL: Standings","MISSING","0","0","0","0","","1","FLASHSCORE","","false"
"FS:CzeUX0l1","Moghreb Tetouan","FUS Rabat","2026-10-09 20:00:00+00","Botola ProMOROCCO: Standings","MISSING","0","0","0","0","","1","FLASHSCORE","","false"
"FS:UFZEuNpA","Montevideo City Torque","Danubio","2026-10-09 20:00:00+00","Liga AUF Uruguaya - ClausuraURUGUAY: Standings","MISSING","0","0","0","0","","2","FLASHSCORE,FOTMOB","","false"
"FS:4ULqmzue","Delfin","Mushuc Runa","2026-10-09 20:30:00+00","Liga Pro - Relegation GroupECUADOR: Standings","MISSING","0","0","0","0","","1","FLASHSCORE","","false"
"FS:QsUQBLcc","Gimnasia LP","Atletico Tucuman","2026-10-09 21:00:00+00","Liga Profesional - ClausuraARGENTINA: Standings","MISSING","0","0","0","0","","2","FLASHSCORE,FOTMOB","","false"
"FS:Cv4icMr4","Instituto","Boca Juniors","2026-10-09 22:30:00+00","Liga Profesional - ClausuraARGENTINA: Standings","MISSING","0","0","0","0","","2","FLASHSCORE,FOTMOB","","false"
"FS:QafsRNVG","Deportivo Maldonado","Montevideo Liverpool","2026-10-09 23:00:00+00","Liga AUF Uruguaya - ClausuraURUGUAY: Standings","MISSING","0","0","0","0","","1","FLASHSCORE","","false"
"FS:xYbjGb6M","Alianza","Aguilas","2026-10-09 23:00:00+00","Primera A - ClausuraCOLOMBIA: Standings","MISSING","0","0","0","0","","1","FLASHSCORE","","false"
"FS:4E0qarEi","Union Santa Fe","Defensa y Justicia","2026-10-10 00:45:00+00","Liga Profesional - ClausuraARGENTINA: Standings","MISSING","0","0","0","0","","1","FLASHSCORE","","false"
"FS:fXmU8Gbd","Once Caldas","Llaneros","2026-10-10 01:10:00+00","Primera A - ClausuraCOLOMBIA: Live Standings","MISSING","0","0","0","0","","1","FLASHSCORE","","false"
"FS:hIt5cEBM","South Melbourne","Melbourne Victory","2026-10-10 08:35:00+00","Australia CupAUSTRALIA: Draw","MISSING","0","0","0","0","","2","FLASHSCORE,FOTMOB","","false"
"FS:IJ8EydIb","Hillerod","Fredericia","2026-10-10 11:00:00+00","1st DivisionDENMARK: Standings","MISSING","0","0","0","0","","1","FLASHSCORE","","false"
"FB6342","Arsenal","Leeds","2026-10-10 11:30:00+00","EPL","NO_COVERAGE_ROW","0","0","0","0","","1","FLASHSCORE","","false"
"FS:jFuBrqW1","Oldham","Accrington Stanley","2026-10-10 11:30:00+00","League TwoENGLAND: Standings","MISSING","0","0","0","0","","1","FLASHSCORE","","false"
"FS:p6A6wImn","Esbjerg","Aalborg","2026-10-10 11:30:00+00","1st DivisionDENMARK: Standings","MISSING","0","0","0","0","","1","FLASHSCORE","","false"
"FS:ShEPFy74","Notts County","Oxford Utd","2026-10-10 11:30:00+00","League OneENGLAND: Standings","MISSING","0","0","0","0","","1","FLASHSCORE","","false"
"FS:SpYhyQ1N","West Brom","Birmingham Legion","2026-10-10 11:30:00+00","ChampionshipENGLAND: Standings","MISSING","0","0","0","0","","1","FLASHSCORE","","false"
"FS:tAk8t0M5","Charlton","Bristol City","2026-10-10 11:30:00+00","ChampionshipENGLAND: Standings","MISSING","0","0","0","0","","1","FLASHSCORE","","false"
"FS:YgN0K3JN","Swansea","Norwich","2026-10-10 11:30:00+00","ChampionshipENGLAND: Standings","MISSING","0","0","0","0","","1","FLASHSCORE","","false"
"FS:YLFrcroe","Swindon","Crewe","2026-10-10 11:30:00+00","League TwoENGLAND: Standings","MISSING","0","0","0","0","","2","FLASHSCORE,FOTMOB","","false"
"FS:zJHXDFyH","Plymouth","AFC Wimbledon","2026-10-10 11:30:00+00","League OneENGLAND: Standings","MISSING","0","0","0","0","","2","FLASHSCORE,FOTMOB","","false"
"FS:dEgaMgL6","Shanghai Shenhua","Yunnan Yukun","2026-10-10 11:35:00+00","Super LeagueCHINA: Standings","MISSING","0","0","0","0","","2","FLASHSCORE,FOTMOB","","false"
"FS:O0eiOFjf","Chengdu Rongcheng","Tianjin Jinmen Tiger","2026-10-10 11:35:00+00","Super LeagueCHINA: Standings","MISSING","0","0","0","0","","1","FLASHSCORE","","false"
"FS:fRfiIjCF","Botev Vratsa","Spartak Varna","2026-10-10 12:00:00+00","efbet LeagueBULGARIA: Standings","MISSING","0","0","0","0","","2","FLASHSCORE,FOTMOB","","false"
"FS:zsIUF5yo","Rayo Vallecano","Ath. Bilbao","2026-10-10 12:00:00+00","LaLigaSPAIN: Standings","MISSING","0","0","0","0","","1","FLASHSCORE","","false"
"FS:0Q64e9nn","Brno","Jablonec","2026-10-10 13:00:00+00","Chance LigaCZECH REPUBLIC: Standings","MISSING","0","0","0","0","","1","FLASHSCORE","","false"
"FS:4raG9Rxg","Ceska Lipa","Zizkov","2026-10-10 13:00:00+00","ChNLCZECH REPUBLIC: Standings","MISSING","0","0","0","0","","1","FLASHSCORE","","false"
"FS:6k8N36mo","Genoa","Fiorentina","2026-10-10 13:00:00+00","Serie AITALY: Standings","MISSING","0","0","0","0","","2","FLASHSCORE,FOTMOB","","false"
"FS:Qq8J3Rgd","Hajduk Split","Din. Zagreb","2026-10-10 13:00:00+00","HNLCROATIA: Standings","MISSING","0","0","0","0","","1","FLASHSCORE","","false"
"FS:SWpo6so9","Hradec Kralove","Artis Brno","2026-10-10 13:00:00+00","Chance LigaCZECH REPUBLIC: Standings","MISSING","0","0","0","0","","1","FLASHSCORE","","false"
"FS:xlTnwSWH","Plzen","Mlada Boleslav","2026-10-10 13:00:00+00","Chance LigaCZECH REPUBLIC: Standings","MISSING","0","0","0","0","","1","FLASHSCORE","","false"
"FS:8QSflGJs","Hoffenheim","Hamburger SV","2026-10-10 13:30:00+00","BundesligaGERMANY: Standings","MISSING","0","0","0","0","","2","FLASHSCORE,FOTMOB","","false"
"FS:f1XIrCmJ","Mainz","Leverkusen","2026-10-10 13:30:00+00","BundesligaGERMANY: Standings","MISSING","0","0","0","0","","1","FLASHSCORE","","false"
"FS:KtlUkTfn","Union Berlin","Elversberg","2026-10-10 13:30:00+00","BundesligaGERMANY: Standings","MISSING","0","0","0","0","","2","FLASHSCORE,FOTMOB","","false"
"FS:nyUApYI6","Augsburg","Bayern","2026-10-10 13:30:00+00","BundesligaGERMANY: Standings","MISSING","0","0","0","0","","1","FLASHSCORE","","false"
"FS:vBppnofB","Paderborn","Stuttgart","2026-10-10 13:30:00+00","BundesligaGERMANY: Standings","MISSING","0","0","0","0","","1","FLASHSCORE","","false"
"FB6339","Sunderland","Brighton","2026-10-10 14:00:00+00","EPL","NO_COVERAGE_ROW","0","0","0","0","","1","FLASHSCORE","","false"
"FB6340","Ipswich","Fulham","2026-10-10 14:00:00+00","EPL","NO_COVERAGE_ROW","0","0","0","0","","1","FLASHSCORE","","false"
"FB6343","Aston Villa","Brentford","2026-10-10 14:00:00+00","EPL","NO_COVERAGE_ROW","0","0","0","0","","2","FLASHSCORE,FOTMOB","","false"
"FB6346","Chelsea","Bournemouth","2026-10-10 14:00:00+00","EPL","NO_COVERAGE_ROW","0","0","0","0","","1","FLASHSCORE","","false"
"FS:083wQ7kn","Derby","Wrexham","2026-10-10 14:00:00+00","ChampionshipENGLAND: Standings","MISSING","0","0","0","0","","1","FLASHSCORE","","false"
"FS:08Hza4Gr","Shrewsbury","Exeter City","2026-10-10 14:00:00+00","League TwoENGLAND: Standings","MISSING","0","0","0","0","","2","FLASHSCORE,FOTMOB","","false"
"FS:213zPpNj","Virton","Hasselt","2026-10-10 14:00:00+00","Challenger Pro LeagueBELGIUM: Standings","MISSING","0","0","0","0","","1","FLASHSCORE","","false"
"FS:2XulAUaN","Hearts","St. Mirren","2026-10-10 14:00:00+00","PremiershipSCOTLAND: Standings","MISSING","0","0","0","0","","1","FLASHSCORE","","false"
"FS:4vqiEOVa","Huddersfield","Sheff Wednesday","2026-10-10 14:00:00+00","League OneENGLAND: Standings","MISSING","0","0","0","0","","1","FLASHSCORE","","false"
"FS:4xCN4Zn4","Cheltenham","Salford City","2026-10-10 14:00:00+00","League TwoENGLAND: Standings","MISSING","0","0","0","0","","2","FLASHSCORE,FOTMOB","","false"
"FS:6PAxJP7E","York City","Northampton","2026-10-10 14:00:00+00","League TwoENGLAND: Standings","MISSING","0","0","0","0","","1","FLASHSCORE","","false"
"FS:AyQcDU5t","Blackburn","Cardiff","2026-10-10 14:00:00+00","ChampionshipENGLAND: Standings","MISSING","0","0","0","0","","1","FLASHSCORE","","false"
"FS:CUgG6eIi","Bristol Rovers","Barnet","2026-10-10 14:00:00+00","League TwoENGLAND: Standings","MISSING","0","0","0","0","","2","FLASHSCORE,FOTMOB","","false"
"FS:dAXKUAyo","Newport County","Colchester","2026-10-10 14:00:00+00","League TwoENGLAND: Standings","MISSING","0","0","0","0","","2","FLASHSCORE,FOTMOB","","false"
"FS:dEuqGp1m","Doncaster","Burton Albion","2026-10-10 14:00:00+00","League OneENGLAND: Standings","MISSING","0","0","0","0","","1","FLASHSCORE","","false"
"FS:dIB0yYOQ","Cercle Bruges","Anderlecht","2026-10-10 14:00:00+00","Jupiler Pro LeagueBELGIUM: Standings","MISSING","0","0","0","0","","0","","","false"
"FS:fo7Rc3oJ","Bradford","Leyton Orient","2026-10-10 14:00:00+00","League OneENGLAND: Standings","MISSING","0","0","0","0","","2","FLASHSCORE,FOTMOB","","false"
"FS:fuGHHcxh","Mansfield","Bromley","2026-10-10 14:00:00+00","League OneENGLAND: Standings","MISSING","0","0","0","0","","1","FLASHSCORE","","false"
"FS:KKUpwnXA","Watford","Burnley","2026-10-10 14:00:00+00","ChampionshipENGLAND: Standings","MISSING","0","0","0","0","","2","FLASHSCORE,FOTMOB","","false"
"FS:lxhxq6EM","K. Lierse S.K.","Francs Borains","2026-10-10 14:00:00+00","Challenger Pro LeagueBELGIUM: Standings","MISSING","0","0","0","0","","2","FLASHSCORE,FOTMOB","","false"
"FS:lzgGvviI","Middlesbrough","Wolves","2026-10-10 14:00:00+00","ChampionshipENGLAND: Standings","MISSING","0","0","0","0","","1","FLASHSCORE","","false"
"FS:MgvYDC0b","Dundee Utd","Hibernian","2026-10-10 14:00:00+00","PremiershipSCOTLAND: Standings","MISSING","0","0","0","0","","1","FLASHSCORE","","false"
"FS:MmiOxILU","Preston","Millwall","2026-10-10 14:00:00+00","ChampionshipENGLAND: Standings","MISSING","0","0","0","0","","1","FLASHSCORE","","false"
"FS:nufDL6wQ","Cambridge Utd","Blackpool","2026-10-10 14:00:00+00","League OneENGLAND: Standings","MISSING","0","0","0","0","","2","FLASHSCORE,FOTMOB","","false"
"FS:pCgcUzMc","Wycombe","Luton","2026-10-10 14:00:00+00","League OneENGLAND: Standings","MISSING","0","0","0","0","","1","FLASHSCORE","","false"
"FS:r9Sd6nO8","Port Vale","Grimsby","2026-10-10 14:00:00+00","League TwoENGLAND: Standings","MISSING","0","0","0","0","","2","FLASHSCORE,FOTMOB","","false"
"FS:ri9Wgfpo","Milton Keynes Dons","Reading","2026-10-10 14:00:00+00","League OneENGLAND: Standings","MISSING","0","0","0","0","","1","FOTMOB","","false"
"FS:rkx3p51k","Fleetwood","Walsall","2026-10-10 14:00:00+00","League TwoENGLAND: Standings","MISSING","0","0","0","0","","2","FLASHSCORE,FOTMOB","","false"
"FS:rqLuCg6T","Stevenage","Wigan","2026-10-10 14:00:00+00","League OneENGLAND: Standings","MISSING","0","0","0","0","","1","FLASHSCORE","","false"
"FS:tnJjeMF7","Tranmere","Rochdale","2026-10-10 14:00:00+00","League TwoENGLAND: Standings","MISSING","0","0","0","0","","2","FLASHSCORE,FOTMOB","","false"
"FS:UJstCjVA","Falkirk","Dundee FC","2026-10-10 14:00:00+00","PremiershipSCOTLAND: Standings","MISSING","0","0","0","0","","2","FLASHSCORE,FOTMOB","","false"
"FS:UPQ44QhL","Rotherham","Gillingham","2026-10-10 14:00:00+00","League TwoENGLAND: Standings","MISSING","0","0","0","0","","2","FLASHSCORE,FOTMOB","","false"
"FS:vDJ5SBFi","Rangers","Kilmarnock","2026-10-10 14:00:00+00","PremiershipSCOTLAND: Standings","MISSING","0","0","0","0","","2","FLASHSCORE,FOTMOB","","false"
"FS:vF6B6XTj","Stockport","Barnsley","2026-10-10 14:00:00+00","League OneENGLAND: Standings","MISSING","0","0","0","0","","1","FLASHSCORE","","false"
"FS:vsTUtUXo","Sheff Utd","Lincoln","2026-10-10 14:00:00+00","ChampionshipENGLAND: Standings","MISSING","0","0","0","0","","1","FLASHSCORE","","false"
"FS:xhsaC20C","Leicester","Peterborough","2026-10-10 14:00:00+00","League OneENGLAND: Standings","MISSING","0","0","0","0","","1","FLASHSCORE","","false"
"FS:xjAV2DHG","Crawley","Chesterfield","2026-10-10 14:00:00+00","League TwoENGLAND: Standings","MISSING","0","0","0","0","","1","FLASHSCORE","","false"
"FS:Yqn0rMig","Bolton","Stoke","2026-10-10 14:00:00+00","ChampionshipENGLAND: Standings","MISSING","0","0","0","0","","1","FLASHSCORE","","false"
"FS:6cE9Ndwf","Alaves","Atl. Madrid","2026-10-10 14:15:00+00","LaLigaSPAIN: Standings","MISSING","0","0","0","0","","1","FLASHSCORE","","false"
"FS:6mmw9nZ1","Lok. Sofia","Lok. Plovdiv","2026-10-10 14:30:00+00","efbet LeagueBULGARIA: Standings","MISSING","0","0","0","0","","1","FLASHSCORE","","false"
"FS:0C5muj34","Tirol","Ried","2026-10-10 15:00:00+00","BundesligaAUSTRIA: Standings","MISSING","0","0","0","0","","1","FLASHSCORE","","false"
"FS:drBGQjlB","Grazer AK","Salzburg","2026-10-10 15:00:00+00","BundesligaAUSTRIA: Standings","MISSING","0","0","0","0","","2","FLASHSCORE,FOTMOB","","false"
"FS:UuHmO1cJ","Lille","Le Havre","2026-10-10 15:15:00+00","Ligue 1FRANCE: Standings","MISSING","0","0","0","0","","2","FLASHSCORE,FOTMOB","","false"
"FS:hMMz2zyp","Kromeriz","Pribram","2026-10-10 15:30:00+00","ChNLCZECH REPUBLIC: Standings","MISSING","0","0","0","0","","1","FLASHSCORE","","false"
"FS:bqe9R9uh","Inter","Parma","2026-10-10 16:00:00+00","Serie AITALY: Standings","MISSING","0","0","0","0","","1","FLASHSCORE","","false"
"FS:dn9tB91M","Osijek","Istra 1961","2026-10-10 16:00:00+00","HNLCROATIA: Standings","MISSING","0","0","0","0","","1","FLASHSCORE","","false"
"FS:I55W5qxI","Trinec","Kladno","2026-10-10 16:00:00+00","ChNLCZECH REPUBLIC: Standings","MISSING","0","0","0","0","","1","FLASHSCORE","","false"
"FS:vy8KiRoB","Bohemians","Ostrava","2026-10-10 16:00:00+00","Chance LigaCZECH REPUBLIC: Standings","MISSING","0","0","0","0","","1","FLASHSCORE","","false"
"FS:0SNdwCv8","RAAL La Louviere","Club Brugge","2026-10-10 16:15:00+00","Jupiler Pro LeagueBELGIUM: Standings","MISSING","0","0","0","0","","1","FLASHSCORE","","false"
"FB6344","Manchester Utd","Tottenham","2026-10-10 16:30:00+00","EPL","NO_COVERAGE_ROW","0","0","0","0","","1","FLASHSCORE","","false"
"FS:C0jmYMB6","Hobro","Kolding","2026-10-10 16:30:00+00","1st DivisionDENMARK: Standings","MISSING","0","0","0","0","","1","FLASHSCORE","","false"
"FS:Es8BsIUP","Barcelona","Getafe","2026-10-10 16:30:00+00","LaLigaSPAIN: Standings","MISSING","0","0","0","0","","1","FLASHSCORE","","false"
"FS:xrxPgxdK","RB Leipzig","Frankfurt","2026-10-10 16:30:00+00","BundesligaGERMANY: Standings","MISSING","0","0","0","0","","1","FLASHSCORE","","false"
"FS:MaspKCs3","Botev Plovdiv","Slavia Sofia","2026-10-10 17:00:00+00","efbet LeagueBULGARIA: Standings","MISSING","0","0","0","0","","1","FLASHSCORE","","false"
"FS:YP3ewUXG","Austria Vienna","Sturm Graz","2026-10-10 17:30:00+00","BundesligaAUSTRIA: Standings","MISSING","0","0","0","0","","1","FLASHSCORE","","false"
"FS:40V1p3gK","Cobresal","U. De Concepcion","2026-10-10 18:00:00+00","Liga de PrimeraCHILE: Standings","MISSING","0","0","0","0","","1","FLASHSCORE","","false"
"FS:hYtGyO6d","Beerschot VA","RFC Liege","2026-10-10 18:00:00+00","Challenger Pro LeagueBELGIUM: Standings","MISSING","0","0","0","0","","1","FLASHSCORE","","false"
"FS:2kX2lxm9","Genk","Kortrijk","2026-10-10 18:45:00+00","Jupiler Pro LeagueBELGIUM: Standings","MISSING","0","0","0","0","","1","FLASHSCORE","","false"
"FS:fos3Qivm","Monaco","Toulouse","2026-10-10 18:45:00+00","Ligue 1FRANCE: Standings","MISSING","0","0","0","0","","1","FLASHSCORE","","false"
"FS:K6cIM9wC","PSG","Le Mans","2026-10-10 18:45:00+00","Ligue 1FRANCE: Standings","MISSING","0","0","0","0","","1","FLASHSCORE","","false"
"FS:lh8hwffE","Waregem","Gent","2026-10-10 18:45:00+00","Jupiler Pro LeagueBELGIUM: Standings","MISSING","0","0","0","0","","1","FLASHSCORE","","false"
"FS:ncIZ9aS9","Barracas Central","Huracan","2026-10-10 18:45:00+00","Liga Profesional - ClausuraARGENTINA: Standings","MISSING","0","0","0","0","","1","FLASHSCORE","","false"
"FS:O2jXVDGP","Lorient","Paris FC","2026-10-10 18:45:00+00","Ligue 1FRANCE: Standings","MISSING","0","0","0","0","","1","FLASHSCORE","","false"
"FS:pKaXL59T","Napoli","Frosinone","2026-10-10 18:45:00+00","Serie AITALY: Standings","MISSING","0","0","0","0","","1","FLASHSCORE","","false"
"FS:zaFXRqbf","Brest","Angers","2026-10-10 18:45:00+00","Ligue 1FRANCE: Standings","MISSING","0","0","0","0","","1","FLASHSCORE","","false"
"FS:2mAGw9Ti","Real Madrid","Villarreal","2026-10-10 19:00:00+00","LaLigaSPAIN: Standings","MISSING","0","0","0","0","","1","FLASHSCORE","","false"
"FS:tCO7XhbL","Universitario de Vinto","Real Oruro","2026-10-10 19:00:00+00","Division ProfesionalBOLIVIA: Standings","MISSING","0","0","0","0","","1","FLASHSCORE","","false"
"FS:j7pTdhXN","Central Cordoba","Estudiantes","2026-10-10 20:00:00+00","Liga Profesional - ClausuraARGENTINA: Standings","MISSING","0","0","0","0","","1","FLASHSCORE","","false"
"FS:I1weqcz9","Pereira","Dep. Cali","2026-10-10 20:30:00+00","Primera A - ClausuraCOLOMBIA: Live Standings","MISSING","0","0","0","0","","1","FLASHSCORE","","false"
"FS:vs2cZxoJ","Huachipato","O'Higgins","2026-10-10 20:30:00+00","Liga de PrimeraCHILE: Standings","MISSING","0","0","0","0","","1","FLASHSCORE","","false"
"FS:GQU9tZTp","Sporting FC","Cartagines","2026-10-10 21:00:00+00","Primera Division - AperturaCOSTA RICA: Standings","MISSING","0","0","0","0","","1","FLASHSCORE","","false"
"FS:KAQ6bSid","Vasco","Remo","2026-10-10 21:00:00+00","Serie A BetanoBRAZIL: Live Standings","MISSING","0","0","0","0","","1","FLASHSCORE","","false"
"FS:vie8gvrT","Tigre","Banfield","2026-10-10 22:15:00+00","Liga Profesional - ClausuraARGENTINA: Standings","MISSING","0","0","0","0","","1","FLASHSCORE","","false"
"FS:C6rGMa1D","Universidad Catolica","A. Italiano","2026-10-10 23:00:00+00","Liga de PrimeraCHILE: Standings","MISSING","0","0","0","0","","1","FLASHSCORE","","false"
"FS:Kfqvne6N","Puntarenas FC","Alajuelense","2026-10-10 23:00:00+00","Primera Division - AperturaCOSTA RICA: Standings","MISSING","0","0","0","0","","1","FLASHSCORE","","false"
"FS:rVs1NFDk","Junior","Inter Bogotá","2026-10-10 23:10:00+00","Primera A - ClausuraCOLOMBIA: Live Standings","MISSING","0","0","0","0","","1","FLASHSCORE","","false"
"FS:xdPxSWLr","Oriente Petrolero","Academia del Balompie","2026-10-10 23:30:00+00","Division ProfesionalBOLIVIA: Standings","MISSING","0","0","0","0","","1","FLASHSCORE","","false"
"FS:nHIhMVq3","Sao Paulo","Vitoria","2026-10-11 00:00:00+00","Serie A BetanoBRAZIL: Live Standings","MISSING","0","0","0","0","","1","FLASHSCORE","","false"
"FS:hbcE2HKq","River Plate","Estudiantes Rio Cuarto","2026-10-11 00:30:00+00","Liga Profesional - ClausuraARGENTINA: Standings","MISSING","0","0","0","0","","1","FLASHSCORE","","false"
"FS:WjvGiaxn","Herediano","San Carlos","2026-10-11 02:00:00+00","Primera Division - AperturaCOSTA RICA: Standings","MISSING","0","0","0","0","","1","FLASHSCORE","","false"
