match_id,home_en,away_en,kickoff_hkt,league,evidence_rows,starter_rows,source_confirmed_starters,predicted_starters,evidence_player_keys,canonical_player_profiles,duplicate_source_player_rows,lineup_sources,latest_lineup_source_at,matched_source_count,matched_sources,latest_detail_fetched_at,active_redirect_aliases
"FS:44xOkw7b","Inter San Carlos","Zeledon","2026-10-09 02:00:00+00","Primera Division - AperturaCOSTA RICA: Standings","0","0","0","0","0","0","0","","","1","FOTMOB","2026-10-09 03:52:03.164+00","0"
"FS:fivOUcLF","Fortaleza","Millonarios","2026-10-09 01:10:00+00","Primera A - ClausuraCOLOMBIA: Standings","40","22","22","0","40","0","0","FLASHSCORE_OFFICIAL","2026-10-09 02:43:48.418+00","1","FLASHSCORE","2026-10-09 02:43:47.969+00","0"
"FB6350","Palmeiras","Bahia","2026-10-09 00:30:00+00","BD1","92","44","22","22","92","46","0","FLASHSCORE_OFFICIAL,FOTMOB_PREDICTED","2026-10-09 03:52:02.085+00","2","FLASHSCORE,FOTMOB","2026-10-09 02:43:52.187+00","0"
"FB6352","Fluminense","Coritiba","2026-10-09 00:30:00+00","BD1","92","44","22","22","92","46","0","FLASHSCORE_OFFICIAL,FOTMOB_PREDICTED","2026-10-09 03:52:02.084+00","2","FLASHSCORE,FOTMOB","2026-10-09 02:43:50.121+00","0"
"FS:8rnEFCcL","Atl. Nacional","Tolima","2026-10-08 23:05:00+00","Primera A - ClausuraCOLOMBIA: Live Standings","79","44","22","22","79","39","0","FLASHSCORE_OFFICIAL,FOTMOB_PREDICTED","2026-10-09 01:42:13.098+00","0","","","0"
"FB6349","Athletico Paranaense","Atletico Mineiro","2026-10-08 23:00:00+00","BD1","0","0","0","0","0","0","0","","","0","","","0"
"FS:QmkB9h0c","Athletico-PR","Atletico-MG","2026-10-08 23:00:00+00","Serie A BetanoBRAZIL: Standings","47","22","22","0","47","0","0","FLASHSCORE_OFFICIAL","2026-10-09 01:42:13.586+00","0","","","0"
"FB6351","Santos","Flamengo","2026-10-08 22:30:00+00","BD1","46","22","22","0","46","46","0","FOTMOB_OFFICIAL","2026-10-09 00:22:03.367+00","0","","","1"
"FS:EwfVjHNP","Nautico Recife","Novorizontino","2026-10-08 22:30:00+00","Serie BBRAZIL: Standings","45","22","22","0","45","45","0","FOTMOB_OFFICIAL","2026-10-09 00:22:03.366+00","0","","","0"
"FS:MBoUWeWg","Ceara","Criciuma","2026-10-08 22:30:00+00","Serie BBRAZIL: Standings","90","44","44","0","90","45","0","FLASHSCORE_OFFICIAL,FOTMOB_OFFICIAL","2026-10-09 02:22:01.867+00","1","FOTMOB","2026-10-09 00:27:09.035+00","0"
"FS:QRDzcFGi","Santos","Flamengo","2026-10-08 22:30:00+00","Serie A BetanoBRAZIL: Standings","92","44","44","0","92","46","0","FLASHSCORE_OFFICIAL,FOTMOB_OFFICIAL","2026-10-09 02:22:01.867+00","1","FOTMOB","2026-10-09 00:27:07.378+00","0"
"FB6389","Nautico Recife","Novorizontino","2026-10-08 22:28:00+00","BD2","90","44","44","0","90","45","0","FLASHSCORE_OFFICIAL,FOTMOB_OFFICIAL","2026-10-09 02:22:01.866+00","1","FOTMOB","2026-10-09 00:27:06.227+00","1"
"FS:86CEyeh5","Grau","Los Chankas","2026-10-08 20:30:00+00","Liga 1 - ClausuraPERU: Standings","80","44","22","22","80","40","0","FLASHSCORE_OFFICIAL,FOTMOB_PREDICTED","2026-10-09 00:22:03.367+00","0","","","0"
"FS:6whMZMJl","Maghreb Fez","Raja Casablanca","2026-10-08 20:00:00+00","Botola ProMOROCCO: Standings","40","22","22","0","40","0","0","FLASHSCORE_OFFICIAL","2026-10-08 22:42:29.664+00","0","","","0"
"FS:rcJKjzIM","Shamrock Rovers","Drogheda","2026-10-08 19:00:00+00","Premier DivisionIRELAND: Standings","40","22","22","0","40","0","0","FLASHSCORE_OFFICIAL","2026-10-08 21:42:29.955+00","0","","","0"
"FS:2s3rs5RE","Renaissance Zemamra","Agadir","2026-10-08 18:00:00+00","Botola ProMOROCCO: Standings","79","44","22","22","79","39","0","FLASHSCORE_OFFICIAL,FOTMOB_PREDICTED","2026-10-08 20:42:14.753+00","0","","","0"
"FS:xtDLi7r3","Moquegua","Cienciano","2026-10-08 18:00:00+00","Liga 1 - ClausuraPERU: Standings","40","22","22","0","40","0","0","FLASHSCORE_OFFICIAL","2026-10-08 20:12:14.892+00","0","","","0"
"FS:ze1juqdR","FAR Rabat","Widad Temara","2026-10-08 18:00:00+00","Botola ProMOROCCO: Standings","79","44","22","22","79","39","0","FLASHSCORE_OFFICIAL,FOTMOB_PREDICTED","2026-10-08 21:52:01.499+00","0","","","0"
"FS:KWAKPPdt","CFR Cluj","U. Cluj","2026-10-08 17:30:00+00","SuperligaROMANIA: Standings","46","22","22","0","46","0","0","FLASHSCORE_OFFICIAL","2026-10-08 20:12:16.474+00","0","","","0"
"FS:CGhmQWdm","Orduspor 1967","Karadeniz Eregli","2026-10-08 17:00:00+00","Turkish Cup - QualificationTURKEY: Draw","0","0","0","0","0","0","0","","","0","","","0"
"FS:GWZgdnjC","KuPS","Oulu","2026-10-08 16:00:00+00","Veikkausliiga - Championship GroupFINLAND: Standings","40","22","22","0","40","0","0","FLASHSCORE_OFFICIAL","2026-10-08 18:42:15.267+00","0","","","0"
"FS:zyBdJ1Z7","Union Touarga","Berkane","2026-10-08 16:00:00+00","Botola ProMOROCCO: Standings","81","45","23","22","81","40","0","FLASHSCORE_OFFICIAL,FOTMOB_PREDICTED","2026-10-08 19:52:03.135+00","0","","","0"
"FS:86Wob8La","HJK","VPS","2026-10-08 15:00:00+00","Veikkausliiga - Championship GroupFINLAND: Standings","40","22","22","0","40","0","0","FLASHSCORE_OFFICIAL","2026-10-08 17:42:17.891+00","1","FOTMOB","2026-10-08 13:52:02.866+00","0"
"FS:00iBFtqS","Denizli IY Gureller","Serik Spor","2026-10-08 14:00:00+00","Turkish Cup - QualificationTURKEY: Draw","0","0","0","0","0","0","0","","","1","FLASHSCORE","2026-10-08 15:42:11.983+00","0"
"FB6357","Cruzeiro","Sao Paulo","2026-10-08 00:30:00+00","BD1","46","22","22","0","46","46","0","FOTMOB_OFFICIAL","2026-10-08 04:22:11.841+00","0","","","1"
"FS:E9LhiBpT","Cruzeiro","Sao Paulo","2026-10-08 00:30:00+00","Serie A BetanoBRAZIL: Standings","46","22","22","0","46","0","0","FLASHSCORE_OFFICIAL","2026-10-08 03:12:08.338+00","0","","","0"
"FB6355","Botafogo","Vasco da Gama","2026-10-07 23:30:00+00","BD1","46","22","22","0","46","46","0","FOTMOB_OFFICIAL","2026-10-08 03:22:01.599+00","0","","","0"
"FS:bLLlZBOp","Botafogo RJ","Vasco","2026-10-07 23:30:00+00","Serie A BetanoBRAZIL: Standings","46","22","22","0","46","0","0","FLASHSCORE_OFFICIAL","2026-10-08 02:12:23.998+00","0","","","0"
"FS:IFdjvvvK","America MG","Fortaleza","2026-10-07 23:30:00+00","Serie BBRAZIL: Standings","87","44","22","22","87","43","0","FLASHSCORE_OFFICIAL,FOTMOB_PREDICTED","2026-10-08 02:12:24.531+00","0","","","0"
"FS:IZr9qZFa","Vila Nova","Cuiaba","2026-10-07 23:30:00+00","Serie BBRAZIL: Standings","46","22","22","0","46","46","0","FOTMOB_OFFICIAL","2026-10-08 00:22:02.249+00","0","","","0"
"FS:pMp1oeom","CRB","Atletico GO","2026-10-07 23:30:00+00","Serie BBRAZIL: Standings","86","44","44","0","86","43","0","FLASHSCORE_OFFICIAL,FOTMOB_OFFICIAL","2026-10-08 03:22:01.598+00","0","","","0"
"FB6364","CRB","Atletico Goianiense","2026-10-07 23:28:00+00","BD2","0","0","0","0","0","0","0","","","0","","","1"
"FB6365","Vila Nova","Cuiaba","2026-10-07 23:28:00+00","BD2","92","44","44","0","92","46","0","FLASHSCORE_OFFICIAL,FOTMOB_OFFICIAL","2026-10-08 03:22:01.599+00","0","","","1"
"FB6366","America Mineiro","Fortaleza","2026-10-07 23:28:00+00","BD2","0","0","0","0","0","0","0","","","0","","","1"
"FB6353","Vitoria","Chapecoense","2026-10-07 23:00:00+00","BD1","45","22","22","0","45","45","0","FOTMOB_OFFICIAL","2026-10-07 23:52:01.461+00","0","","","0"
"FS:YDhJ7WU9","Vitoria","Chapecoense-SC","2026-10-07 23:00:00+00","Serie A BetanoBRAZIL: Standings","91","44","44","0","91","45","0","FLASHSCORE_OFFICIAL,FOTMOB_OFFICIAL","2026-10-08 02:52:02.476+00","0","","","0"
"FB6354","Internacional","Corinthians","2026-10-07 22:30:00+00","BD1","46","22","22","0","46","46","0","FOTMOB_OFFICIAL","2026-10-08 00:22:02.248+00","0","","","1"
"FB6356","RB Bragantino","Mirassol","2026-10-07 22:30:00+00","BD1","46","22","22","0","46","46","0","FOTMOB_OFFICIAL","2026-10-08 02:22:02.041+00","0","","","0"
"FB6358","Clube do Remo","Gremio","2026-10-07 22:30:00+00","BD1","45","22","22","0","45","45","0","FOTMOB_OFFICIAL","2026-10-08 00:22:02.247+00","0","","","0"
"FS:EorMYH1s","Operario","Botafogo SP","2026-10-07 22:30:00+00","Serie BBRAZIL: Standings","90","44","22","22","90","46","0","FLASHSCORE_OFFICIAL,FOTMOB_PREDICTED","2026-10-08 00:22:02.248+00","0","","","0"
"FS:f75igXFG","Bragantino","Mirassol","2026-10-07 22:30:00+00","Serie A BetanoBRAZIL: Standings","46","22","22","0","46","0","0","FLASHSCORE_OFFICIAL","2026-10-08 01:12:11.724+00","0","","","0"
"FS:nX1qTDVI","Avai","Londrina","2026-10-07 22:30:00+00","Serie BBRAZIL: Standings","86","44","44","0","86","43","0","FLASHSCORE_OFFICIAL,FOTMOB_OFFICIAL","2026-10-08 02:22:02.041+00","0","","","0"
"FS:phCOok8j","Internacional","Corinthians","2026-10-07 22:30:00+00","Serie A BetanoBRAZIL: Standings","92","44","44","0","92","46","0","FLASHSCORE_OFFICIAL,FOTMOB_OFFICIAL","2026-10-08 02:22:03.349+00","0","","","0"
"FS:SCoS5AaM","Remo","Gremio","2026-10-07 22:30:00+00","Serie A BetanoBRAZIL: Standings","92","44","44","0","92","45","0","FLASHSCORE_OFFICIAL,FOTMOB_OFFICIAL","2026-10-08 02:22:05.252+00","0","","","0"
"FS:23AN4PU9","Eskisehirspor","Aksehirspor","2026-10-07 17:00:00+00","Turkish Cup - QualificationTURKEY: Draw","0","0","0","0","0","0","0","","","0","","","0"
"FS:zuJv0Ujm","Gnistan","Inter Turku","2026-10-07 16:00:00+00","Veikkausliiga - Championship GroupFINLAND: Standings","39","22","22","0","39","0","0","FLASHSCORE_OFFICIAL","2026-10-07 18:42:08.177+00","0","","","0"
"FS:fgsEOJLr","Karabuk Idmanyurdu","Beykoz Anadolu","2026-10-07 12:00:00+00","Turkish Cup - QualificationTURKEY: Draw","0","0","0","0","0","0","0","","","0","","","0"
"FS:WrrsAK6k","Gaziemirspor","Fethiyespor","2026-10-07 12:00:00+00","Turkish Cup - QualificationTURKEY: Draw","0","0","0","0","0","0","0","","","0","","","0"
"FS:4CKTrr8j","Kucukcekmece","Buyukcekmece Gucu","2026-10-07 11:30:00+00","Turkish Cup - QualificationTURKEY: Draw","0","0","0","0","0","0","0","","","0","","","0"
"FS:EP29eLid","Soke 1970","Ayvalikgucu","2026-10-07 11:30:00+00","Turkish Cup - QualificationTURKEY: Draw","0","0","0","0","0","0","0","","","0","","","0"
"FS:OAjrUubL","Silivrispor","Bulvarspor","2026-10-07 11:30:00+00","Turkish Cup - QualificationTURKEY: Draw","0","0","0","0","0","0","0","","","0","","","0"
"FS:QcVai9en","Bigaspor","Balikesirspor","2026-10-07 11:30:00+00","Turkish Cup - QualificationTURKEY: Draw","0","0","0","0","0","0","0","","","0","","","0"
"FS:tC41csNq","Eskisehir Anadolu","Kepez Belediyespor","2026-10-07 11:30:00+00","Turkish Cup - QualificationTURKEY: Draw","0","0","0","0","0","0","0","","","0","","","0"
"FS:YNY7kmQb","Bursa Yildirimspor","Amasyaspor","2026-10-07 11:30:00+00","Turkish Cup - QualificationTURKEY: Draw","0","0","0","0","0","0","0","","","0","","","0"
"FS:ATDV23aM","Zonguldak","Duzcespor","2026-10-07 11:00:00+00","Turkish Cup - QualificationTURKEY: Draw","0","0","0","0","0","0","0","","","0","","","0"
"FS:ENwUKyL7","Hatayspor","Karakopru","2026-10-07 11:00:00+00","Turkish Cup - QualificationTURKEY: Draw","0","0","0","0","0","0","0","","","0","","","0"
"FS:Qwa3MldC","Osmaniyespor","Yeni Mersin Idmanyurdu","2026-10-07 11:00:00+00","Turkish Cup - QualificationTURKEY: Draw","0","0","0","0","0","0","0","","","0","","","0"
"FS:rHQgtqmo","Soma Spor","Alanya 1221","2026-10-07 11:00:00+00","Turkish Cup - QualificationTURKEY: Draw","0","0","0","0","0","0","0","","","0","","","0"
"FS:UkCF6o0c","Pazarspor","Erbaaspor","2026-10-07 11:00:00+00","Turkish Cup - QualificationTURKEY: Draw","0","0","0","0","0","0","0","","","0","","","0"
"FS:vLyGmRfB","Nigde Bld.","Agri 1970","2026-10-07 11:00:00+00","Turkish Cup - QualificationTURKEY: Draw","0","0","0","0","0","0","0","","","0","","","0"
"FB6370","Shimizu S-Pulse","V-Varen Nagasaki","2026-10-07 10:00:00+00","JEC","80","44","22","22","80","40","0","FLASHSCORE_OFFICIAL,FOTMOB_PREDICTED","2026-10-07 12:22:01.844+00","1","FOTMOB","2026-10-07 12:27:03.39+00","0"
"FB6393","JEF United Chiba","Fagiano Okayama","2026-10-07 10:00:00+00","JEC","0","0","0","0","0","0","0","","","0","","","0"
"FB6394","Shonan Bellmare","FC Tokyo","2026-10-07 10:00:00+00","JEC","0","0","0","0","0","0","0","","","0","","","0"
"FB6395","Tokyo Verdy","Gainare Tottori","2026-10-07 10:00:00+00","JEC","0","0","0","0","0","0","0","","","0","","","0"
"FB6396","Tegevajaro Miyazaki","Kawasaki Frontale","2026-10-07 10:00:00+00","JEC","0","0","0","0","0","0","0","","","0","","","0"
"FS:4jJjpPgT","Tokyo","Shonan","2026-10-07 10:00:00+00","Emperors CupJAPAN: Draw","80","44","22","22","80","38","0","FLASHSCORE_OFFICIAL,FOTMOB_PREDICTED","2026-10-07 12:22:01.843+00","0","","","0"
"FB6323","Sejong FC Women","Incheon Steel Women","2026-10-07 09:57:00+00","KD1W","0","0","0","0","0","0","0","","","0","","","0"
"FB6324","Seoul City Women","Mungyeong Sangmu Women","2026-10-07 09:57:00+00","KD1W","0","0","0","0","0","0","0","","","0","","","0"
"FB6371","Cerezo Osaka","Kagoshima United FC","2026-10-07 09:30:00+00","JEC","40","22","0","22","40","36","0","FOTMOB_PREDICTED","2026-10-07 09:52:02.426+00","1","FOTMOB","2026-10-07 13:22:03.911+00","0"
"FB6391","FC Yokohama","Avispa Fukuoka","2026-10-07 09:30:00+00","JEC","0","0","0","0","0","0","0","","","0","","","0"
"FB6392","Iwaki FC","Sanfrecce Hiroshima","2026-10-07 09:30:00+00","JEC","0","0","0","0","0","0","0","","","0","","","0"
"FS:SSd8269c","C-Osaka","Kagoshima Utd","2026-10-07 09:30:00+00","Emperors CupJAPAN: Draw","41","22","22","0","41","0","0","FLASHSCORE_OFFICIAL","2026-10-07 10:12:08.699+00","0","","","0"
"FB6390","RB Omiya Ardija","Urawa Reds","2026-10-07 09:00:00+00","JEC","0","0","0","0","0","0","0","","","0","","","0"
"FS:Wd71it1d","Urawa","Omiya Ardija","2026-10-07 09:00:00+00","Emperors CupJAPAN: Draw","81","44","22","22","81","40","0","FLASHSCORE_OFFICIAL,FOTMOB_PREDICTED","2026-10-07 12:22:01.844+00","0","","","0"
